<?xml version="1.0" encoding="utf-8"?>
<productAdditionalComps>
   <dependsOn>
      <component>
         <name>Audio_Code_Compare</name>
         <locale/>
         <platformList>
            <platform>maci64</platform>
         </platformList>
         <version>1.0</version>
      </component>
   </dependsOn>
   <isControllingProduct>true</isControllingProduct>
   <platform>maci64</platform>
   <productName>Audio_Code_Compare</productName>
   <productNumber>5000</productNumber>
   <productBaseCode>Audio_Code_Compare</productBaseCode>
   <productVersion>1.0</productVersion>
   <releaseFamily>R2018a</releaseFamily>
   <releaseDescription>R2018a</releaseDescription>
</productAdditionalComps>